time,file,tag,step,metric,value
2025-10-04 14:56:54.973141,training.py:202,PUZZLES EVAL,0,puzzles_accuracy,0.01953125
2025-10-04 14:56:54.973141,training.py:202,PUZZLES EVAL,0,puzzles_avg_rating_solved,1230.8
2025-10-04 14:56:54.973141,training.py:202,PUZZLES EVAL,0,puzzles_solved,20.0
2025-10-04 14:56:54.973141,training.py:202,PUZZLES EVAL,0,puzzles_total,1024.0
2025-10-04 14:59:37.133723,training.py:209,EVAL,0,eval_action_accuracy,0.04443359375
2025-10-04 14:59:37.133723,training.py:209,EVAL,0,eval_entropy,4.871428042562911
2025-10-04 14:59:37.133723,training.py:209,EVAL,0,eval_kendall_tau,-0.011813947348426508
2025-10-04 14:59:37.133723,training.py:209,EVAL,0,eval_output_log_loss,5.223428726196289
2025-10-04 15:23:26.129122,training.py:202,PUZZLES EVAL,5000,puzzles_accuracy,0.0830078125
2025-10-04 15:23:26.129122,training.py:202,PUZZLES EVAL,5000,puzzles_avg_rating_solved,1164.270588235294
2025-10-04 15:23:26.129122,training.py:202,PUZZLES EVAL,5000,puzzles_solved,85.0
2025-10-04 15:23:26.129122,training.py:202,PUZZLES EVAL,5000,puzzles_total,1024.0
2025-10-04 15:25:49.754727,training.py:209,EVAL,5000,eval_action_accuracy,0.248046875
2025-10-04 15:25:49.754727,training.py:209,EVAL,5000,eval_entropy,3.624104161601281
2025-10-04 15:25:49.754727,training.py:209,EVAL,5000,eval_kendall_tau,0.0116046807591339
2025-10-04 15:25:49.754727,training.py:209,EVAL,5000,eval_output_log_loss,4.082847595214844
2025-10-04 15:48:56.069412,training.py:202,PUZZLES EVAL,10000,puzzles_accuracy,0.095703125
2025-10-04 15:48:56.069412,training.py:202,PUZZLES EVAL,10000,puzzles_avg_rating_solved,1179.2448979591836
2025-10-04 15:48:56.069412,training.py:202,PUZZLES EVAL,10000,puzzles_solved,98.0
2025-10-04 15:48:56.069412,training.py:202,PUZZLES EVAL,10000,puzzles_total,1024.0
2025-10-04 15:51:22.973332,training.py:209,EVAL,10000,eval_action_accuracy,0.27099609375
2025-10-04 15:51:22.973332,training.py:209,EVAL,10000,eval_entropy,3.4445233570222626
2025-10-04 15:51:22.973332,training.py:209,EVAL,10000,eval_kendall_tau,0.023106926333955783
2025-10-04 15:51:22.973332,training.py:209,EVAL,10000,eval_output_log_loss,3.873528480529785
2025-10-04 16:14:32.406425,training.py:202,PUZZLES EVAL,15000,puzzles_accuracy,0.1181640625
2025-10-04 16:14:32.406425,training.py:202,PUZZLES EVAL,15000,puzzles_avg_rating_solved,1217.0826446280992
2025-10-04 16:14:32.406425,training.py:202,PUZZLES EVAL,15000,puzzles_solved,121.0
2025-10-04 16:14:32.406425,training.py:202,PUZZLES EVAL,15000,puzzles_total,1024.0
2025-10-04 16:16:56.460714,training.py:209,EVAL,15000,eval_action_accuracy,0.2939453125
2025-10-04 16:16:56.460714,training.py:209,EVAL,15000,eval_entropy,3.3511680803694617
2025-10-04 16:16:56.460714,training.py:209,EVAL,15000,eval_kendall_tau,0.026258912585659332
2025-10-04 16:16:56.460714,training.py:209,EVAL,15000,eval_output_log_loss,3.70705246925354
2025-10-04 16:40:08.066587,training.py:202,PUZZLES EVAL,20000,puzzles_accuracy,0.1376953125
2025-10-04 16:40:08.066587,training.py:202,PUZZLES EVAL,20000,puzzles_avg_rating_solved,1197.2056737588653
2025-10-04 16:40:08.066587,training.py:202,PUZZLES EVAL,20000,puzzles_solved,141.0
2025-10-04 16:40:08.066587,training.py:202,PUZZLES EVAL,20000,puzzles_total,1024.0
2025-10-04 16:42:32.458507,training.py:209,EVAL,20000,eval_action_accuracy,0.32177734375
2025-10-04 16:42:32.458507,training.py:209,EVAL,20000,eval_entropy,3.2763536317797843
2025-10-04 16:42:32.458507,training.py:209,EVAL,20000,eval_kendall_tau,0.03005427090978808
2025-10-04 16:42:32.458507,training.py:209,EVAL,20000,eval_output_log_loss,3.590149402618408
2025-10-04 17:05:44.608599,training.py:202,PUZZLES EVAL,25000,puzzles_accuracy,0.1669921875
2025-10-04 17:05:44.608599,training.py:202,PUZZLES EVAL,25000,puzzles_avg_rating_solved,1188.5380116959063
2025-10-04 17:05:44.608599,training.py:202,PUZZLES EVAL,25000,puzzles_solved,171.0
2025-10-04 17:05:44.608599,training.py:202,PUZZLES EVAL,25000,puzzles_total,1024.0
2025-10-04 17:08:09.289001,training.py:209,EVAL,25000,eval_action_accuracy,0.33154296875
2025-10-04 17:08:09.289001,training.py:209,EVAL,25000,eval_entropy,3.2296843079930113
2025-10-04 17:08:09.289001,training.py:209,EVAL,25000,eval_kendall_tau,0.035926789308592
2025-10-04 17:08:09.289001,training.py:209,EVAL,25000,eval_output_log_loss,3.5265953540802
2025-10-04 17:31:22.454076,training.py:202,PUZZLES EVAL,30000,puzzles_accuracy,0.17578125
2025-10-04 17:31:22.454076,training.py:202,PUZZLES EVAL,30000,puzzles_avg_rating_solved,1176.1333333333334
2025-10-04 17:31:22.454076,training.py:202,PUZZLES EVAL,30000,puzzles_solved,180.0
2025-10-04 17:31:22.454076,training.py:202,PUZZLES EVAL,30000,puzzles_total,1024.0
2025-10-04 17:33:46.997168,training.py:209,EVAL,30000,eval_action_accuracy,0.3369140625
2025-10-04 17:33:46.997168,training.py:209,EVAL,30000,eval_entropy,3.1655272995558335
2025-10-04 17:33:46.997168,training.py:209,EVAL,30000,eval_kendall_tau,0.028879518006464114
2025-10-04 17:33:46.997168,training.py:209,EVAL,30000,eval_output_log_loss,3.4519031047821045
2025-10-04 17:57:01.295622,training.py:202,PUZZLES EVAL,35000,puzzles_accuracy,0.1748046875
2025-10-04 17:57:01.295622,training.py:202,PUZZLES EVAL,35000,puzzles_avg_rating_solved,1198.95530726257
2025-10-04 17:57:01.295622,training.py:202,PUZZLES EVAL,35000,puzzles_solved,179.0
2025-10-04 17:57:01.295622,training.py:202,PUZZLES EVAL,35000,puzzles_total,1024.0
2025-10-04 17:59:25.463189,training.py:209,EVAL,35000,eval_action_accuracy,0.34716796875
2025-10-04 17:59:25.463189,training.py:209,EVAL,35000,eval_entropy,3.1237156296929243
2025-10-04 17:59:25.463189,training.py:209,EVAL,35000,eval_kendall_tau,0.03368650768428183
2025-10-04 17:59:25.463189,training.py:209,EVAL,35000,eval_output_log_loss,3.3912291526794434
2025-10-04 18:22:39.632704,training.py:202,PUZZLES EVAL,40000,puzzles_accuracy,0.19140625
2025-10-04 18:22:39.632704,training.py:202,PUZZLES EVAL,40000,puzzles_avg_rating_solved,1174.030612244898
2025-10-04 18:22:39.632704,training.py:202,PUZZLES EVAL,40000,puzzles_solved,196.0
2025-10-04 18:22:39.632704,training.py:202,PUZZLES EVAL,40000,puzzles_total,1024.0
2025-10-04 18:25:04.393872,training.py:209,EVAL,40000,eval_action_accuracy,0.353515625
2025-10-04 18:25:04.393872,training.py:209,EVAL,40000,eval_entropy,3.1007308622029086
2025-10-04 18:25:04.393872,training.py:209,EVAL,40000,eval_kendall_tau,0.03301484481861897
2025-10-04 18:25:04.393872,training.py:209,EVAL,40000,eval_output_log_loss,3.359433650970459
2025-10-04 18:48:21.817220,training.py:202,PUZZLES EVAL,45000,puzzles_accuracy,0.2119140625
2025-10-04 18:48:21.817220,training.py:202,PUZZLES EVAL,45000,puzzles_avg_rating_solved,1153.26267281106
2025-10-04 18:48:21.817220,training.py:202,PUZZLES EVAL,45000,puzzles_solved,217.0
2025-10-04 18:48:21.817220,training.py:202,PUZZLES EVAL,45000,puzzles_total,1024.0
2025-10-04 18:50:46.475520,training.py:209,EVAL,45000,eval_action_accuracy,0.35205078125
2025-10-04 18:50:46.475520,training.py:209,EVAL,45000,eval_entropy,3.05160367484541
2025-10-04 18:50:46.475520,training.py:209,EVAL,45000,eval_kendall_tau,0.03933132666601326
2025-10-04 18:50:46.475520,training.py:209,EVAL,45000,eval_output_log_loss,3.301696300506592
2025-10-04 19:14:03.302755,training.py:202,PUZZLES EVAL,50000,puzzles_accuracy,0.2197265625
2025-10-04 19:14:03.302755,training.py:202,PUZZLES EVAL,50000,puzzles_avg_rating_solved,1118.0088888888888
2025-10-04 19:14:03.302755,training.py:202,PUZZLES EVAL,50000,puzzles_solved,225.0
2025-10-04 19:14:03.302755,training.py:202,PUZZLES EVAL,50000,puzzles_total,1024.0
2025-10-04 19:16:28.248189,training.py:209,EVAL,50000,eval_action_accuracy,0.369140625
2025-10-04 19:16:28.248189,training.py:209,EVAL,50000,eval_entropy,3.0172690791018795
2025-10-04 19:16:28.248189,training.py:209,EVAL,50000,eval_kendall_tau,0.04268633455676054
2025-10-04 19:16:28.248189,training.py:209,EVAL,50000,eval_output_log_loss,3.27243709564209
2025-10-04 19:39:43.705151,training.py:202,PUZZLES EVAL,55000,puzzles_accuracy,0.2412109375
2025-10-04 19:39:43.705151,training.py:202,PUZZLES EVAL,55000,puzzles_avg_rating_solved,1154.0323886639676
2025-10-04 19:39:43.705151,training.py:202,PUZZLES EVAL,55000,puzzles_solved,247.0
2025-10-04 19:39:43.705151,training.py:202,PUZZLES EVAL,55000,puzzles_total,1024.0
2025-10-04 19:42:08.287575,training.py:209,EVAL,55000,eval_action_accuracy,0.3623046875
2025-10-04 19:42:08.287575,training.py:209,EVAL,55000,eval_entropy,2.991496832120447
2025-10-04 19:42:08.287575,training.py:209,EVAL,55000,eval_kendall_tau,0.03815370288911042
2025-10-04 19:42:08.287575,training.py:209,EVAL,55000,eval_output_log_loss,3.2466695308685303
2025-10-04 20:05:24.870485,training.py:202,PUZZLES EVAL,60000,puzzles_accuracy,0.24609375
2025-10-04 20:05:24.870485,training.py:202,PUZZLES EVAL,60000,puzzles_avg_rating_solved,1128.170634920635
2025-10-04 20:05:24.870485,training.py:202,PUZZLES EVAL,60000,puzzles_solved,252.0
2025-10-04 20:05:24.870485,training.py:202,PUZZLES EVAL,60000,puzzles_total,1024.0
2025-10-04 20:07:49.132007,training.py:209,EVAL,60000,eval_action_accuracy,0.37109375
2025-10-04 20:07:49.132007,training.py:209,EVAL,60000,eval_entropy,2.9647986199106526
2025-10-04 20:07:49.132007,training.py:209,EVAL,60000,eval_kendall_tau,0.04260751913205999
2025-10-04 20:07:49.132007,training.py:209,EVAL,60000,eval_output_log_loss,3.1787610054016113
2025-10-04 20:31:06.931952,training.py:202,PUZZLES EVAL,65000,puzzles_accuracy,0.271484375
2025-10-04 20:31:06.931952,training.py:202,PUZZLES EVAL,65000,puzzles_avg_rating_solved,1167.1007194244605
2025-10-04 20:31:06.931952,training.py:202,PUZZLES EVAL,65000,puzzles_solved,278.0
2025-10-04 20:31:06.931952,training.py:202,PUZZLES EVAL,65000,puzzles_total,1024.0
2025-10-04 20:33:31.554001,training.py:209,EVAL,65000,eval_action_accuracy,0.38720703125
2025-10-04 20:33:31.554001,training.py:209,EVAL,65000,eval_entropy,2.935113206699498
2025-10-04 20:33:31.554001,training.py:209,EVAL,65000,eval_kendall_tau,0.047539578465589
2025-10-04 20:33:31.554001,training.py:209,EVAL,65000,eval_output_log_loss,3.151594638824463
2025-10-04 20:56:50.580768,training.py:202,PUZZLES EVAL,70000,puzzles_accuracy,0.267578125
2025-10-04 20:56:50.580768,training.py:202,PUZZLES EVAL,70000,puzzles_avg_rating_solved,1165.9525547445255
2025-10-04 20:56:50.580768,training.py:202,PUZZLES EVAL,70000,puzzles_solved,274.0
2025-10-04 20:56:50.580768,training.py:202,PUZZLES EVAL,70000,puzzles_total,1024.0
2025-10-04 20:59:15.549481,training.py:209,EVAL,70000,eval_action_accuracy,0.38818359375
2025-10-04 20:59:15.549481,training.py:209,EVAL,70000,eval_entropy,2.91733948021124
2025-10-04 20:59:15.549481,training.py:209,EVAL,70000,eval_kendall_tau,0.04976224973937301
2025-10-04 20:59:15.549481,training.py:209,EVAL,70000,eval_output_log_loss,3.1323184967041016
2025-10-04 21:22:35.913920,training.py:202,PUZZLES EVAL,75000,puzzles_accuracy,0.2666015625
2025-10-04 21:22:35.913920,training.py:202,PUZZLES EVAL,75000,puzzles_avg_rating_solved,1157.0549450549452
2025-10-04 21:22:35.913920,training.py:202,PUZZLES EVAL,75000,puzzles_solved,273.0
2025-10-04 21:22:35.913920,training.py:202,PUZZLES EVAL,75000,puzzles_total,1024.0
2025-10-04 21:25:00.301948,training.py:209,EVAL,75000,eval_action_accuracy,0.388671875
2025-10-04 21:25:00.301948,training.py:209,EVAL,75000,eval_entropy,2.897091867659583
2025-10-04 21:25:00.301948,training.py:209,EVAL,75000,eval_kendall_tau,0.04653460170005853
2025-10-04 21:25:00.301948,training.py:209,EVAL,75000,eval_output_log_loss,3.0971739292144775
2025-10-04 21:48:00.362486,training.py:202,PUZZLES EVAL,80000,puzzles_accuracy,0.28125
2025-10-04 21:48:00.362486,training.py:202,PUZZLES EVAL,80000,puzzles_avg_rating_solved,1135.361111111111
2025-10-04 21:48:00.362486,training.py:202,PUZZLES EVAL,80000,puzzles_solved,288.0
2025-10-04 21:48:00.362486,training.py:202,PUZZLES EVAL,80000,puzzles_total,1024.0
2025-10-04 21:50:23.043226,training.py:209,EVAL,80000,eval_action_accuracy,0.39501953125
2025-10-04 21:50:23.043226,training.py:209,EVAL,80000,eval_entropy,2.8527220495864185
2025-10-04 21:50:23.043226,training.py:209,EVAL,80000,eval_kendall_tau,0.044877861359655546
2025-10-04 21:50:23.043226,training.py:209,EVAL,80000,eval_output_log_loss,3.063678741455078
2025-10-04 22:13:24.683925,training.py:202,PUZZLES EVAL,85000,puzzles_accuracy,0.2919921875
2025-10-04 22:13:24.683925,training.py:202,PUZZLES EVAL,85000,puzzles_avg_rating_solved,1164.819397993311
2025-10-04 22:13:24.683925,training.py:202,PUZZLES EVAL,85000,puzzles_solved,299.0
2025-10-04 22:13:24.683925,training.py:202,PUZZLES EVAL,85000,puzzles_total,1024.0
2025-10-04 22:15:48.276553,training.py:209,EVAL,85000,eval_action_accuracy,0.400390625
2025-10-04 22:15:48.276553,training.py:209,EVAL,85000,eval_entropy,2.8330320673619553
2025-10-04 22:15:48.276553,training.py:209,EVAL,85000,eval_kendall_tau,0.05167892569968825
2025-10-04 22:15:48.276553,training.py:209,EVAL,85000,eval_output_log_loss,3.038311004638672
2025-10-04 22:38:51.934537,training.py:202,PUZZLES EVAL,90000,puzzles_accuracy,0.2958984375
2025-10-04 22:38:51.934537,training.py:202,PUZZLES EVAL,90000,puzzles_avg_rating_solved,1153.5808580858086
2025-10-04 22:38:51.934537,training.py:202,PUZZLES EVAL,90000,puzzles_solved,303.0
2025-10-04 22:38:51.934537,training.py:202,PUZZLES EVAL,90000,puzzles_total,1024.0
2025-10-04 22:41:17.045696,training.py:209,EVAL,90000,eval_action_accuracy,0.40234375
2025-10-04 22:41:17.045696,training.py:209,EVAL,90000,eval_entropy,2.8045606070631948
2025-10-04 22:41:17.045696,training.py:209,EVAL,90000,eval_kendall_tau,0.047663616712767726
2025-10-04 22:41:17.045696,training.py:209,EVAL,90000,eval_output_log_loss,2.9972448348999023
2025-10-04 23:04:20.042904,training.py:202,PUZZLES EVAL,95000,puzzles_accuracy,0.30859375
2025-10-04 23:04:20.042904,training.py:202,PUZZLES EVAL,95000,puzzles_avg_rating_solved,1164.9303797468353
2025-10-04 23:04:20.042904,training.py:202,PUZZLES EVAL,95000,puzzles_solved,316.0
2025-10-04 23:04:20.042904,training.py:202,PUZZLES EVAL,95000,puzzles_total,1024.0
2025-10-04 23:06:44.177684,training.py:209,EVAL,95000,eval_action_accuracy,0.4208984375
2025-10-04 23:06:44.177684,training.py:209,EVAL,95000,eval_entropy,2.770684212197466
2025-10-04 23:06:44.177684,training.py:209,EVAL,95000,eval_kendall_tau,0.0559733326209491
2025-10-04 23:06:44.177684,training.py:209,EVAL,95000,eval_output_log_loss,2.9955406188964844
2025-10-04 23:29:49.112396,training.py:202,PUZZLES EVAL,100000,puzzles_accuracy,0.337890625
2025-10-04 23:29:49.112396,training.py:202,PUZZLES EVAL,100000,puzzles_avg_rating_solved,1146.6676300578035
2025-10-04 23:29:49.112396,training.py:202,PUZZLES EVAL,100000,puzzles_solved,346.0
2025-10-04 23:29:49.112396,training.py:202,PUZZLES EVAL,100000,puzzles_total,1024.0
2025-10-04 23:32:11.904839,training.py:209,EVAL,100000,eval_action_accuracy,0.41259765625
2025-10-04 23:32:11.904839,training.py:209,EVAL,100000,eval_entropy,2.771221361005246
2025-10-04 23:32:11.904839,training.py:209,EVAL,100000,eval_kendall_tau,0.047409341410091545
2025-10-04 23:32:11.904839,training.py:209,EVAL,100000,eval_output_log_loss,2.9691386222839355
2025-10-04 23:55:14.027837,training.py:202,PUZZLES EVAL,105000,puzzles_accuracy,0.3271484375
2025-10-04 23:55:14.027837,training.py:202,PUZZLES EVAL,105000,puzzles_avg_rating_solved,1151.5492537313432
2025-10-04 23:55:14.027837,training.py:202,PUZZLES EVAL,105000,puzzles_solved,335.0
2025-10-04 23:55:14.027837,training.py:202,PUZZLES EVAL,105000,puzzles_total,1024.0
2025-10-04 23:57:37.260330,training.py:209,EVAL,105000,eval_action_accuracy,0.41455078125
2025-10-04 23:57:37.260330,training.py:209,EVAL,105000,eval_entropy,2.7578208885281583
2025-10-04 23:57:37.260330,training.py:209,EVAL,105000,eval_kendall_tau,0.05466108896253315
2025-10-04 23:57:37.260330,training.py:209,EVAL,105000,eval_output_log_loss,2.9316234588623047
2025-10-05 00:20:44.416185,training.py:202,PUZZLES EVAL,110000,puzzles_accuracy,0.3447265625
2025-10-05 00:20:44.416185,training.py:202,PUZZLES EVAL,110000,puzzles_avg_rating_solved,1175.2379603399434
2025-10-05 00:20:44.416185,training.py:202,PUZZLES EVAL,110000,puzzles_solved,353.0
2025-10-05 00:20:44.416185,training.py:202,PUZZLES EVAL,110000,puzzles_total,1024.0
2025-10-05 00:23:08.768206,training.py:209,EVAL,110000,eval_action_accuracy,0.41455078125
2025-10-05 00:23:08.768206,training.py:209,EVAL,110000,eval_entropy,2.7243825203076995
2025-10-05 00:23:08.768206,training.py:209,EVAL,110000,eval_kendall_tau,0.05134627183528183
2025-10-05 00:23:08.768206,training.py:209,EVAL,110000,eval_output_log_loss,2.935206651687622
2025-10-05 00:46:13.515752,training.py:202,PUZZLES EVAL,115000,puzzles_accuracy,0.3564453125
2025-10-05 00:46:13.515752,training.py:202,PUZZLES EVAL,115000,puzzles_avg_rating_solved,1168.1260273972603
2025-10-05 00:46:13.515752,training.py:202,PUZZLES EVAL,115000,puzzles_solved,365.0
2025-10-05 00:46:13.515752,training.py:202,PUZZLES EVAL,115000,puzzles_total,1024.0
2025-10-05 00:48:35.655227,training.py:209,EVAL,115000,eval_action_accuracy,0.41650390625
2025-10-05 00:48:35.655227,training.py:209,EVAL,115000,eval_entropy,2.719925340739451
2025-10-05 00:48:35.655227,training.py:209,EVAL,115000,eval_kendall_tau,0.057444966924136656
2025-10-05 00:48:35.655227,training.py:209,EVAL,115000,eval_output_log_loss,2.926529884338379
2025-10-05 01:11:41.770412,training.py:202,PUZZLES EVAL,120000,puzzles_accuracy,0.3701171875
2025-10-05 01:11:41.770412,training.py:202,PUZZLES EVAL,120000,puzzles_avg_rating_solved,1184.6675461741424
2025-10-05 01:11:41.770412,training.py:202,PUZZLES EVAL,120000,puzzles_solved,379.0
2025-10-05 01:11:41.770412,training.py:202,PUZZLES EVAL,120000,puzzles_total,1024.0
2025-10-05 01:14:04.676329,training.py:209,EVAL,120000,eval_action_accuracy,0.4189453125
2025-10-05 01:14:04.676329,training.py:209,EVAL,120000,eval_entropy,2.706047566355437
2025-10-05 01:14:04.676329,training.py:209,EVAL,120000,eval_kendall_tau,0.06202659289391897
2025-10-05 01:14:04.676329,training.py:209,EVAL,120000,eval_output_log_loss,2.9058923721313477
2025-10-05 01:37:12.277931,training.py:202,PUZZLES EVAL,125000,puzzles_accuracy,0.37109375
2025-10-05 01:37:12.277931,training.py:202,PUZZLES EVAL,125000,puzzles_avg_rating_solved,1171.4026315789474
2025-10-05 01:37:12.277931,training.py:202,PUZZLES EVAL,125000,puzzles_solved,380.0
2025-10-05 01:37:12.277931,training.py:202,PUZZLES EVAL,125000,puzzles_total,1024.0
2025-10-05 01:39:35.477828,training.py:209,EVAL,125000,eval_action_accuracy,0.4189453125
2025-10-05 01:39:35.477828,training.py:209,EVAL,125000,eval_entropy,2.682550462598556
2025-10-05 01:39:35.477828,training.py:209,EVAL,125000,eval_kendall_tau,0.05395194884384632
2025-10-05 01:39:35.477828,training.py:209,EVAL,125000,eval_output_log_loss,2.895535945892334
2025-10-05 02:02:41.255127,training.py:202,PUZZLES EVAL,130000,puzzles_accuracy,0.361328125
2025-10-05 02:02:41.255127,training.py:202,PUZZLES EVAL,130000,puzzles_avg_rating_solved,1159.918918918919
2025-10-05 02:02:41.255127,training.py:202,PUZZLES EVAL,130000,puzzles_solved,370.0
2025-10-05 02:02:41.255127,training.py:202,PUZZLES EVAL,130000,puzzles_total,1024.0
2025-10-05 02:05:04.407602,training.py:209,EVAL,130000,eval_action_accuracy,0.42578125
2025-10-05 02:05:04.407602,training.py:209,EVAL,130000,eval_entropy,2.670656213200573
2025-10-05 02:05:04.407602,training.py:209,EVAL,130000,eval_kendall_tau,0.05983121003861608
2025-10-05 02:05:04.407602,training.py:209,EVAL,130000,eval_output_log_loss,2.9097704887390137
2025-10-05 02:28:13.078592,training.py:202,PUZZLES EVAL,135000,puzzles_accuracy,0.3779296875
2025-10-05 02:28:13.078592,training.py:202,PUZZLES EVAL,135000,puzzles_avg_rating_solved,1189.1989664082687
2025-10-05 02:28:13.078592,training.py:202,PUZZLES EVAL,135000,puzzles_solved,387.0
2025-10-05 02:28:13.078592,training.py:202,PUZZLES EVAL,135000,puzzles_total,1024.0
2025-10-05 02:30:37.743957,training.py:209,EVAL,135000,eval_action_accuracy,0.419921875
2025-10-05 02:30:37.743957,training.py:209,EVAL,135000,eval_entropy,2.6525065397443086
2025-10-05 02:30:37.743957,training.py:209,EVAL,135000,eval_kendall_tau,0.061220557405055984
2025-10-05 02:30:37.743957,training.py:209,EVAL,135000,eval_output_log_loss,2.860313892364502
2025-10-05 02:53:45.935024,training.py:202,PUZZLES EVAL,140000,puzzles_accuracy,0.373046875
2025-10-05 02:53:45.935024,training.py:202,PUZZLES EVAL,140000,puzzles_avg_rating_solved,1175.392670157068
2025-10-05 02:53:45.935024,training.py:202,PUZZLES EVAL,140000,puzzles_solved,382.0
2025-10-05 02:53:45.935024,training.py:202,PUZZLES EVAL,140000,puzzles_total,1024.0
2025-10-05 02:56:10.726467,training.py:209,EVAL,140000,eval_action_accuracy,0.4306640625
2025-10-05 02:56:10.726467,training.py:209,EVAL,140000,eval_entropy,2.639581038864435
2025-10-05 02:56:10.726467,training.py:209,EVAL,140000,eval_kendall_tau,0.05685661486489332
2025-10-05 02:56:10.726467,training.py:209,EVAL,140000,eval_output_log_loss,2.8520588874816895
2025-10-05 03:19:20.252316,training.py:202,PUZZLES EVAL,145000,puzzles_accuracy,0.4140625
2025-10-05 03:19:20.252316,training.py:202,PUZZLES EVAL,145000,puzzles_avg_rating_solved,1180.0165094339623
2025-10-05 03:19:20.252316,training.py:202,PUZZLES EVAL,145000,puzzles_solved,424.0
2025-10-05 03:19:20.252316,training.py:202,PUZZLES EVAL,145000,puzzles_total,1024.0
2025-10-05 03:21:44.500657,training.py:209,EVAL,145000,eval_action_accuracy,0.42822265625
2025-10-05 03:21:44.500657,training.py:209,EVAL,145000,eval_entropy,2.6312456925777497
2025-10-05 03:21:44.500657,training.py:209,EVAL,145000,eval_kendall_tau,0.0701882930669342
2025-10-05 03:21:44.500657,training.py:209,EVAL,145000,eval_output_log_loss,2.862433433532715
2025-10-05 03:45:02.354234,training.py:202,PUZZLES EVAL,150000,puzzles_accuracy,0.4052734375
2025-10-05 03:45:02.354234,training.py:202,PUZZLES EVAL,150000,puzzles_avg_rating_solved,1190.3349397590362
2025-10-05 03:45:02.354234,training.py:202,PUZZLES EVAL,150000,puzzles_solved,415.0
2025-10-05 03:45:02.354234,training.py:202,PUZZLES EVAL,150000,puzzles_total,1024.0
2025-10-05 03:47:26.844915,training.py:209,EVAL,150000,eval_action_accuracy,0.4150390625
2025-10-05 03:47:26.844915,training.py:209,EVAL,150000,eval_entropy,2.615083360643439
2025-10-05 03:47:26.844915,training.py:209,EVAL,150000,eval_kendall_tau,0.06596246061328404
2025-10-05 03:47:26.844915,training.py:209,EVAL,150000,eval_output_log_loss,2.8561995029449463
2025-10-05 04:10:54.771984,training.py:202,PUZZLES EVAL,155000,puzzles_accuracy,0.421875
2025-10-05 04:10:54.771984,training.py:202,PUZZLES EVAL,155000,puzzles_avg_rating_solved,1180.5115740740741
2025-10-05 04:10:54.771984,training.py:202,PUZZLES EVAL,155000,puzzles_solved,432.0
2025-10-05 04:10:54.771984,training.py:202,PUZZLES EVAL,155000,puzzles_total,1024.0
2025-10-05 04:13:19.022277,training.py:209,EVAL,155000,eval_action_accuracy,0.427734375
2025-10-05 04:13:19.022277,training.py:209,EVAL,155000,eval_entropy,2.5935437368225394
2025-10-05 04:13:19.022277,training.py:209,EVAL,155000,eval_kendall_tau,0.06608915032432765
2025-10-05 04:13:19.022277,training.py:209,EVAL,155000,eval_output_log_loss,2.856572389602661
2025-10-05 04:36:45.844054,training.py:202,PUZZLES EVAL,160000,puzzles_accuracy,0.4072265625
2025-10-05 04:36:45.844054,training.py:202,PUZZLES EVAL,160000,puzzles_avg_rating_solved,1172.7961630695443
2025-10-05 04:36:45.844054,training.py:202,PUZZLES EVAL,160000,puzzles_solved,417.0
2025-10-05 04:36:45.844054,training.py:202,PUZZLES EVAL,160000,puzzles_total,1024.0
2025-10-05 04:39:10.198618,training.py:209,EVAL,160000,eval_action_accuracy,0.4345703125
2025-10-05 04:39:10.198618,training.py:209,EVAL,160000,eval_entropy,2.587379030575562
2025-10-05 04:39:10.198618,training.py:209,EVAL,160000,eval_kendall_tau,0.05882323030526062
2025-10-05 04:39:10.198618,training.py:209,EVAL,160000,eval_output_log_loss,2.8347315788269043
2025-10-05 05:02:36.916188,training.py:202,PUZZLES EVAL,165000,puzzles_accuracy,0.4072265625
2025-10-05 05:02:36.916188,training.py:202,PUZZLES EVAL,165000,puzzles_avg_rating_solved,1155.4940047961632
2025-10-05 05:02:36.916188,training.py:202,PUZZLES EVAL,165000,puzzles_solved,417.0
2025-10-05 05:02:36.916188,training.py:202,PUZZLES EVAL,165000,puzzles_total,1024.0
2025-10-05 05:05:01.304825,training.py:209,EVAL,165000,eval_action_accuracy,0.4287109375
2025-10-05 05:05:01.304825,training.py:209,EVAL,165000,eval_entropy,2.574674718540848
2025-10-05 05:05:01.304825,training.py:209,EVAL,165000,eval_kendall_tau,0.06856345910071969
2025-10-05 05:05:01.304825,training.py:209,EVAL,165000,eval_output_log_loss,2.8336281776428223
2025-10-05 05:28:28.275727,training.py:202,PUZZLES EVAL,170000,puzzles_accuracy,0.41796875
2025-10-05 05:28:28.275727,training.py:202,PUZZLES EVAL,170000,puzzles_avg_rating_solved,1173.9252336448599
2025-10-05 05:28:28.275727,training.py:202,PUZZLES EVAL,170000,puzzles_solved,428.0
2025-10-05 05:28:28.275727,training.py:202,PUZZLES EVAL,170000,puzzles_total,1024.0
2025-10-05 05:30:52.429526,training.py:209,EVAL,170000,eval_action_accuracy,0.4365234375
2025-10-05 05:30:52.429526,training.py:209,EVAL,170000,eval_entropy,2.5752232238342003
2025-10-05 05:30:52.429526,training.py:209,EVAL,170000,eval_kendall_tau,0.06804634892660674
2025-10-05 05:30:52.429526,training.py:209,EVAL,170000,eval_output_log_loss,2.8008017539978027
2025-10-05 05:54:22.469936,training.py:202,PUZZLES EVAL,175000,puzzles_accuracy,0.4375
2025-10-05 05:54:22.469936,training.py:202,PUZZLES EVAL,175000,puzzles_avg_rating_solved,1186.1785714285713
2025-10-05 05:54:22.469936,training.py:202,PUZZLES EVAL,175000,puzzles_solved,448.0
2025-10-05 05:54:22.469936,training.py:202,PUZZLES EVAL,175000,puzzles_total,1024.0
2025-10-05 05:56:47.250795,training.py:209,EVAL,175000,eval_action_accuracy,0.4326171875
2025-10-05 05:56:47.250795,training.py:209,EVAL,175000,eval_entropy,2.551865178831804
2025-10-05 05:56:47.250795,training.py:209,EVAL,175000,eval_kendall_tau,0.0665549936496584
2025-10-05 05:56:47.250795,training.py:209,EVAL,175000,eval_output_log_loss,2.8176751136779785
2025-10-05 06:20:17.034548,training.py:202,PUZZLES EVAL,180000,puzzles_accuracy,0.451171875
2025-10-05 06:20:17.034548,training.py:202,PUZZLES EVAL,180000,puzzles_avg_rating_solved,1185.7251082251082
2025-10-05 06:20:17.034548,training.py:202,PUZZLES EVAL,180000,puzzles_solved,462.0
2025-10-05 06:20:17.034548,training.py:202,PUZZLES EVAL,180000,puzzles_total,1024.0
2025-10-05 06:22:41.325144,training.py:209,EVAL,180000,eval_action_accuracy,0.4423828125
2025-10-05 06:22:41.325144,training.py:209,EVAL,180000,eval_entropy,2.5510758664482864
2025-10-05 06:22:41.325144,training.py:209,EVAL,180000,eval_kendall_tau,0.06410462236448566
2025-10-05 06:22:41.325144,training.py:209,EVAL,180000,eval_output_log_loss,2.7791080474853516
2025-10-05 06:46:11.656668,training.py:202,PUZZLES EVAL,185000,puzzles_accuracy,0.447265625
2025-10-05 06:46:11.656668,training.py:202,PUZZLES EVAL,185000,puzzles_avg_rating_solved,1182.3362445414848
2025-10-05 06:46:11.656668,training.py:202,PUZZLES EVAL,185000,puzzles_solved,458.0
2025-10-05 06:46:11.656668,training.py:202,PUZZLES EVAL,185000,puzzles_total,1024.0
2025-10-05 06:48:36.047758,training.py:209,EVAL,185000,eval_action_accuracy,0.44580078125
2025-10-05 06:48:36.047758,training.py:209,EVAL,185000,eval_entropy,2.5357741375307796
2025-10-05 06:48:36.047758,training.py:209,EVAL,185000,eval_kendall_tau,0.06677589536602324
2025-10-05 06:48:36.047758,training.py:209,EVAL,185000,eval_output_log_loss,2.7813518047332764
2025-10-05 07:12:07.405043,training.py:202,PUZZLES EVAL,190000,puzzles_accuracy,0.4560546875
2025-10-05 07:12:07.405043,training.py:202,PUZZLES EVAL,190000,puzzles_avg_rating_solved,1195.629550321199
2025-10-05 07:12:07.405043,training.py:202,PUZZLES EVAL,190000,puzzles_solved,467.0
2025-10-05 07:12:07.405043,training.py:202,PUZZLES EVAL,190000,puzzles_total,1024.0
2025-10-05 07:14:31.924021,training.py:209,EVAL,190000,eval_action_accuracy,0.44384765625
2025-10-05 07:14:31.924021,training.py:209,EVAL,190000,eval_entropy,2.522489127742574
2025-10-05 07:14:31.924021,training.py:209,EVAL,190000,eval_kendall_tau,0.06310299355045373
2025-10-05 07:14:31.924021,training.py:209,EVAL,190000,eval_output_log_loss,2.768646478652954
2025-10-05 07:38:01.805999,training.py:202,PUZZLES EVAL,195000,puzzles_accuracy,0.4443359375
2025-10-05 07:38:01.805999,training.py:202,PUZZLES EVAL,195000,puzzles_avg_rating_solved,1173.2923076923078
2025-10-05 07:38:01.805999,training.py:202,PUZZLES EVAL,195000,puzzles_solved,455.0
2025-10-05 07:38:01.805999,training.py:202,PUZZLES EVAL,195000,puzzles_total,1024.0
2025-10-05 07:40:25.766154,training.py:209,EVAL,195000,eval_action_accuracy,0.44921875
2025-10-05 07:40:25.766154,training.py:209,EVAL,195000,eval_entropy,2.5128606497469264
2025-10-05 07:40:25.766154,training.py:209,EVAL,195000,eval_kendall_tau,0.06944879125642246
2025-10-05 07:40:25.766154,training.py:209,EVAL,195000,eval_output_log_loss,2.776986598968506
2025-10-05 08:03:57.902651,training.py:202,PUZZLES EVAL,200000,puzzles_accuracy,0.4697265625
2025-10-05 08:03:57.902651,training.py:202,PUZZLES EVAL,200000,puzzles_avg_rating_solved,1203.6465696465696
2025-10-05 08:03:57.902651,training.py:202,PUZZLES EVAL,200000,puzzles_solved,481.0
2025-10-05 08:03:57.902651,training.py:202,PUZZLES EVAL,200000,puzzles_total,1024.0
2025-10-05 08:06:22.862553,training.py:209,EVAL,200000,eval_action_accuracy,0.44775390625
2025-10-05 08:06:22.862553,training.py:209,EVAL,200000,eval_entropy,2.4998268097052687
2025-10-05 08:06:22.862553,training.py:209,EVAL,200000,eval_kendall_tau,0.07008839074340473
2025-10-05 08:06:22.862553,training.py:209,EVAL,200000,eval_output_log_loss,2.751460313796997
2025-10-05 08:29:53.679380,training.py:202,PUZZLES EVAL,205000,puzzles_accuracy,0.46875
2025-10-05 08:29:53.679380,training.py:202,PUZZLES EVAL,205000,puzzles_avg_rating_solved,1188.5583333333334
2025-10-05 08:29:53.679380,training.py:202,PUZZLES EVAL,205000,puzzles_solved,480.0
2025-10-05 08:29:53.679380,training.py:202,PUZZLES EVAL,205000,puzzles_total,1024.0
2025-10-05 08:32:18.362081,training.py:209,EVAL,205000,eval_action_accuracy,0.4482421875
2025-10-05 08:32:18.362081,training.py:209,EVAL,205000,eval_entropy,2.4939682082919035
2025-10-05 08:32:18.362081,training.py:209,EVAL,205000,eval_kendall_tau,0.07367249270483404
2025-10-05 08:32:18.362081,training.py:209,EVAL,205000,eval_output_log_loss,2.765002727508545
2025-10-05 08:55:49.668985,training.py:202,PUZZLES EVAL,210000,puzzles_accuracy,0.4697265625
2025-10-05 08:55:49.668985,training.py:202,PUZZLES EVAL,210000,puzzles_avg_rating_solved,1177.4365904365904
2025-10-05 08:55:49.668985,training.py:202,PUZZLES EVAL,210000,puzzles_solved,481.0
2025-10-05 08:55:49.668985,training.py:202,PUZZLES EVAL,210000,puzzles_total,1024.0
2025-10-05 08:58:14.684393,training.py:209,EVAL,210000,eval_action_accuracy,0.44921875
2025-10-05 08:58:14.684393,training.py:209,EVAL,210000,eval_entropy,2.477028594328658
2025-10-05 08:58:14.684393,training.py:209,EVAL,210000,eval_kendall_tau,0.07180683310584315
2025-10-05 08:58:14.684393,training.py:209,EVAL,210000,eval_output_log_loss,2.743195056915283
2025-10-05 09:21:45.580953,training.py:202,PUZZLES EVAL,215000,puzzles_accuracy,0.4560546875
2025-10-05 09:21:45.580953,training.py:202,PUZZLES EVAL,215000,puzzles_avg_rating_solved,1174.3832976445397
2025-10-05 09:21:45.580953,training.py:202,PUZZLES EVAL,215000,puzzles_solved,467.0
2025-10-05 09:21:45.580953,training.py:202,PUZZLES EVAL,215000,puzzles_total,1024.0
2025-10-05 09:24:10.109845,training.py:209,EVAL,215000,eval_action_accuracy,0.4541015625
2025-10-05 09:24:10.109845,training.py:209,EVAL,215000,eval_entropy,2.4909718189887826
2025-10-05 09:24:10.109845,training.py:209,EVAL,215000,eval_kendall_tau,0.07457054936435555
2025-10-05 09:24:10.109845,training.py:209,EVAL,215000,eval_output_log_loss,2.7363016605377197
2025-10-05 09:47:41.764259,training.py:202,PUZZLES EVAL,220000,puzzles_accuracy,0.4677734375
2025-10-05 09:47:41.764259,training.py:202,PUZZLES EVAL,220000,puzzles_avg_rating_solved,1178.536534446764
2025-10-05 09:47:41.764259,training.py:202,PUZZLES EVAL,220000,puzzles_solved,479.0
2025-10-05 09:47:41.764259,training.py:202,PUZZLES EVAL,220000,puzzles_total,1024.0
2025-10-05 09:50:06.121739,training.py:209,EVAL,220000,eval_action_accuracy,0.45361328125
2025-10-05 09:50:06.121739,training.py:209,EVAL,220000,eval_entropy,2.477177392164549
2025-10-05 09:50:06.121739,training.py:209,EVAL,220000,eval_kendall_tau,0.06813757773966506
2025-10-05 09:50:06.121739,training.py:209,EVAL,220000,eval_output_log_loss,2.735961437225342
2025-10-05 10:13:38.047300,training.py:202,PUZZLES EVAL,225000,puzzles_accuracy,0.466796875
2025-10-05 10:13:38.047300,training.py:202,PUZZLES EVAL,225000,puzzles_avg_rating_solved,1186.8430962343095
2025-10-05 10:13:38.047300,training.py:202,PUZZLES EVAL,225000,puzzles_solved,478.0
2025-10-05 10:13:38.047300,training.py:202,PUZZLES EVAL,225000,puzzles_total,1024.0
2025-10-05 10:16:02.766695,training.py:209,EVAL,225000,eval_action_accuracy,0.44775390625
2025-10-05 10:16:02.766695,training.py:209,EVAL,225000,eval_entropy,2.4797526360443385
2025-10-05 10:16:02.766695,training.py:209,EVAL,225000,eval_kendall_tau,0.07455692129176136
2025-10-05 10:16:02.766695,training.py:209,EVAL,225000,eval_output_log_loss,2.7009410858154297
2025-10-05 10:39:35.298217,training.py:202,PUZZLES EVAL,230000,puzzles_accuracy,0.478515625
2025-10-05 10:39:35.298217,training.py:202,PUZZLES EVAL,230000,puzzles_avg_rating_solved,1187.7816326530613
2025-10-05 10:39:35.298217,training.py:202,PUZZLES EVAL,230000,puzzles_solved,490.0
2025-10-05 10:39:35.298217,training.py:202,PUZZLES EVAL,230000,puzzles_total,1024.0
2025-10-05 10:42:00.021207,training.py:209,EVAL,230000,eval_action_accuracy,0.46630859375
2025-10-05 10:42:00.021207,training.py:209,EVAL,230000,eval_entropy,2.467426238663677
2025-10-05 10:42:00.021207,training.py:209,EVAL,230000,eval_kendall_tau,0.06591121447320647
2025-10-05 10:42:00.021207,training.py:209,EVAL,230000,eval_output_log_loss,2.711808681488037
2025-10-05 11:05:32.560298,training.py:202,PUZZLES EVAL,235000,puzzles_accuracy,0.474609375
2025-10-05 11:05:32.560298,training.py:202,PUZZLES EVAL,235000,puzzles_avg_rating_solved,1179.7407407407406
2025-10-05 11:05:32.560298,training.py:202,PUZZLES EVAL,235000,puzzles_solved,486.0
2025-10-05 11:05:32.560298,training.py:202,PUZZLES EVAL,235000,puzzles_total,1024.0
2025-10-05 11:07:57.235276,training.py:209,EVAL,235000,eval_action_accuracy,0.4453125
2025-10-05 11:07:57.235276,training.py:209,EVAL,235000,eval_entropy,2.4560206863560268
2025-10-05 11:07:57.235276,training.py:209,EVAL,235000,eval_kendall_tau,0.0715786711937931
2025-10-05 11:07:57.235276,training.py:209,EVAL,235000,eval_output_log_loss,2.717681407928467
2025-10-05 11:31:31.800315,training.py:202,PUZZLES EVAL,240000,puzzles_accuracy,0.4912109375
2025-10-05 11:31:31.800315,training.py:202,PUZZLES EVAL,240000,puzzles_avg_rating_solved,1195.4115308151092
2025-10-05 11:31:31.800315,training.py:202,PUZZLES EVAL,240000,puzzles_solved,503.0
2025-10-05 11:31:31.800315,training.py:202,PUZZLES EVAL,240000,puzzles_total,1024.0
2025-10-05 11:33:57.093839,training.py:209,EVAL,240000,eval_action_accuracy,0.4638671875
2025-10-05 11:33:57.093839,training.py:209,EVAL,240000,eval_entropy,2.4517624326897476
2025-10-05 11:33:57.093839,training.py:209,EVAL,240000,eval_kendall_tau,0.07566081453460115
2025-10-05 11:33:57.093839,training.py:209,EVAL,240000,eval_output_log_loss,2.705690383911133
2025-10-05 11:57:30.044469,training.py:202,PUZZLES EVAL,245000,puzzles_accuracy,0.4833984375
2025-10-05 11:57:30.044469,training.py:202,PUZZLES EVAL,245000,puzzles_avg_rating_solved,1187.0626262626263
2025-10-05 11:57:30.044469,training.py:202,PUZZLES EVAL,245000,puzzles_solved,495.0
2025-10-05 11:57:30.044469,training.py:202,PUZZLES EVAL,245000,puzzles_total,1024.0
2025-10-05 11:59:54.849565,training.py:209,EVAL,245000,eval_action_accuracy,0.45849609375
2025-10-05 11:59:54.849565,training.py:209,EVAL,245000,eval_entropy,2.4467023779034776
2025-10-05 11:59:54.849565,training.py:209,EVAL,245000,eval_kendall_tau,0.0722172826462578
2025-10-05 11:59:54.849565,training.py:209,EVAL,245000,eval_output_log_loss,2.702420234680176
2025-10-05 12:23:29.976560,training.py:202,PUZZLES EVAL,250000,puzzles_accuracy,0.5029296875
2025-10-05 12:23:29.976560,training.py:202,PUZZLES EVAL,250000,puzzles_avg_rating_solved,1202.7864077669904
2025-10-05 12:23:29.976560,training.py:202,PUZZLES EVAL,250000,puzzles_solved,515.0
2025-10-05 12:23:29.976560,training.py:202,PUZZLES EVAL,250000,puzzles_total,1024.0
2025-10-05 12:25:55.747489,training.py:209,EVAL,250000,eval_action_accuracy,0.4580078125
2025-10-05 12:25:55.747489,training.py:209,EVAL,250000,eval_entropy,2.4468019331792448
2025-10-05 12:25:55.747489,training.py:209,EVAL,250000,eval_kendall_tau,0.07409519201376635
2025-10-05 12:25:55.747489,training.py:209,EVAL,250000,eval_output_log_loss,2.6816821098327637
2025-10-05 12:49:29.721205,training.py:202,PUZZLES EVAL,255000,puzzles_accuracy,0.5048828125
2025-10-05 12:49:29.721205,training.py:202,PUZZLES EVAL,255000,puzzles_avg_rating_solved,1205.0696324951643
2025-10-05 12:49:29.721205,training.py:202,PUZZLES EVAL,255000,puzzles_solved,517.0
2025-10-05 12:49:29.721205,training.py:202,PUZZLES EVAL,255000,puzzles_total,1024.0
2025-10-05 12:51:53.984895,training.py:209,EVAL,255000,eval_action_accuracy,0.4716796875
2025-10-05 12:51:53.984895,training.py:209,EVAL,255000,eval_entropy,2.4305123112487763
2025-10-05 12:51:53.984895,training.py:209,EVAL,255000,eval_kendall_tau,0.07274663692947292
2025-10-05 12:51:53.984895,training.py:209,EVAL,255000,eval_output_log_loss,2.6592464447021484
2025-10-05 13:15:32.877482,training.py:202,PUZZLES EVAL,260000,puzzles_accuracy,0.5048828125
2025-10-05 13:15:32.877482,training.py:202,PUZZLES EVAL,260000,puzzles_avg_rating_solved,1212.147001934236
2025-10-05 13:15:32.877482,training.py:202,PUZZLES EVAL,260000,puzzles_solved,517.0
2025-10-05 13:15:32.877482,training.py:202,PUZZLES EVAL,260000,puzzles_total,1024.0
2025-10-05 13:17:57.975623,training.py:209,EVAL,260000,eval_action_accuracy,0.466796875
2025-10-05 13:17:57.975623,training.py:209,EVAL,260000,eval_entropy,2.440144772332019
2025-10-05 13:17:57.975623,training.py:209,EVAL,260000,eval_kendall_tau,0.07189344468984402
2025-10-05 13:17:57.975623,training.py:209,EVAL,260000,eval_output_log_loss,2.6734423637390137
2025-10-05 13:41:34.781497,training.py:202,PUZZLES EVAL,265000,puzzles_accuracy,0.5009765625
2025-10-05 13:41:34.781497,training.py:202,PUZZLES EVAL,265000,puzzles_avg_rating_solved,1184.5906432748538
2025-10-05 13:41:34.781497,training.py:202,PUZZLES EVAL,265000,puzzles_solved,513.0
2025-10-05 13:41:34.781497,training.py:202,PUZZLES EVAL,265000,puzzles_total,1024.0
2025-10-05 13:43:59.958456,training.py:209,EVAL,265000,eval_action_accuracy,0.45703125
2025-10-05 13:43:59.958456,training.py:209,EVAL,265000,eval_entropy,2.40926930835775
2025-10-05 13:43:59.958456,training.py:209,EVAL,265000,eval_kendall_tau,0.07664111290882877
2025-10-05 13:43:59.958456,training.py:209,EVAL,265000,eval_output_log_loss,2.701481580734253
2025-10-05 14:07:37.614881,training.py:202,PUZZLES EVAL,270000,puzzles_accuracy,0.513671875
2025-10-05 14:07:37.614881,training.py:202,PUZZLES EVAL,270000,puzzles_avg_rating_solved,1206.0038022813687
2025-10-05 14:07:37.614881,training.py:202,PUZZLES EVAL,270000,puzzles_solved,526.0
2025-10-05 14:07:37.614881,training.py:202,PUZZLES EVAL,270000,puzzles_total,1024.0
2025-10-05 14:10:02.756742,training.py:209,EVAL,270000,eval_action_accuracy,0.46435546875
2025-10-05 14:10:02.756742,training.py:209,EVAL,270000,eval_entropy,2.414422413719933
2025-10-05 14:10:02.756742,training.py:209,EVAL,270000,eval_kendall_tau,0.07596571443993913
2025-10-05 14:10:02.756742,training.py:209,EVAL,270000,eval_output_log_loss,2.669980525970459
2025-10-05 14:33:40.951367,training.py:202,PUZZLES EVAL,275000,puzzles_accuracy,0.513671875
2025-10-05 14:33:40.951367,training.py:202,PUZZLES EVAL,275000,puzzles_avg_rating_solved,1197.9239543726235
2025-10-05 14:33:40.951367,training.py:202,PUZZLES EVAL,275000,puzzles_solved,526.0
2025-10-05 14:33:40.951367,training.py:202,PUZZLES EVAL,275000,puzzles_total,1024.0
2025-10-05 14:36:05.963601,training.py:209,EVAL,275000,eval_action_accuracy,0.4658203125
2025-10-05 14:36:05.963601,training.py:209,EVAL,275000,eval_entropy,2.4220636827542705
2025-10-05 14:36:05.963601,training.py:209,EVAL,275000,eval_kendall_tau,0.07233160523798031
2025-10-05 14:36:05.963601,training.py:209,EVAL,275000,eval_output_log_loss,2.6632962226867676
